Carbon_footprint,https://en.wikipedia.org/wiki/Carbon_footprint
Carbon_dioxide_equivalent,https://en.wikipedia.org/wiki/Carbon_dioxide_equivalent
Carbon_dioxide,https://en.wikipedia.org/wiki/Carbon_dioxide
Methane,https://en.wikipedia.org/wiki/Methane
Global_warming_potential,https://en.wikipedia.org/wiki/Global_warming_potential
Ecological_footprint,https://en.wikipedia.org/wiki/Ecological_footprint
Water_footprint,https://en.wikipedia.org/wiki/Water_footprint
Land_footprint,https://en.wikipedia.org/wiki/Land_footprint
Carbon_accounting,https://en.wikipedia.org/wiki/Carbon_accounting
Carbon_capture,https://en.wikipedia.org/wiki/Carbon_capture
EU,https://en.wikipedia.org/wiki/EU
U.S.,https://en.wikipedia.org/wiki/U.S.
Luxembourg,https://en.wikipedia.org/wiki/Luxembourg
Australia,https://en.wikipedia.org/wiki/Australia
Africa,https://en.wikipedia.org/wiki/Africa
India,https://en.wikipedia.org/wiki/India
Global_population,https://en.wikipedia.org/wiki/Global_population
Input%E2%80%93output_model,https://en.wikipedia.org/wiki/Input%E2%80%93output_model
Greenhouse_Gas,https://en.wikipedia.org/wiki/Greenhouse_Gas
Land_use_land-use_change_and_forestry,https://en.wikipedia.org/wiki/Land_use_land-use_change_and_forestry
Life-cycle_greenhouse-gas_emissions_of_energy_sources,https://en.wikipedia.org/wiki/Life-cycle_greenhouse-gas_emissions_of_energy_sources
Wind_power,https://en.wikipedia.org/wiki/Wind_power
Solar_power,https://en.wikipedia.org/wiki/Solar_power
Hydropower,https://en.wikipedia.org/wiki/Hydropower
Environmental_impact_of_aviation,https://en.wikipedia.org/wiki/Environmental_impact_of_aviation
NEDC_test_cycle,https://en.wikipedia.org/wiki/NEDC_test_cycle
Car,https://en.wikipedia.org/wiki/Car
Hybrid-electric_vehicles,https://en.wikipedia.org/wiki/Hybrid-electric_vehicles
Light_commercial_vehicles,https://en.wikipedia.org/wiki/Light_commercial_vehicles
US_Environmental_Protection_Agency,https://en.wikipedia.org/wiki/US_Environmental_Protection_Agency
EPA_Federal_Test_Procedure,https://en.wikipedia.org/wiki/EPA_Federal_Test_Procedure
Trucks,https://en.wikipedia.org/wiki/Trucks
Knot_(unit),https://en.wikipedia.org/wiki/Knot_(unit)
Carbon_emission_label,https://en.wikipedia.org/wiki/Carbon_emission_label
Low_carbon_diet,https://en.wikipedia.org/wiki/Low_carbon_diet
GHG_footprint,https://en.wikipedia.org/wiki/GHG_footprint
Cement,https://en.wikipedia.org/wiki/Cement
Carbon_offset,https://en.wikipedia.org/wiki/Carbon_offset
Kyoto_Protocol,https://en.wikipedia.org/wiki/Kyoto_Protocol
Emission_Reduction_Unit,https://en.wikipedia.org/wiki/Emission_Reduction_Unit
Verified_Emission_Reduction,https://en.wikipedia.org/wiki/Verified_Emission_Reduction
Flexible_Mechanisms,https://en.wikipedia.org/wiki/Flexible_Mechanisms
Clean_Development_Mechanism,https://en.wikipedia.org/wiki/Clean_Development_Mechanism
Joint_Implementation,https://en.wikipedia.org/wiki/Joint_Implementation
Emissions_trading,https://en.wikipedia.org/wiki/Emissions_trading
Emissions_Trading,https://en.wikipedia.org/wiki/Emissions_Trading
Market_price,https://en.wikipedia.org/wiki/Market_price
EU_Emissions_Trading_Scheme,https://en.wikipedia.org/wiki/EU_Emissions_Trading_Scheme
Chicago_Climate_Exchange,https://en.wikipedia.org/wiki/Chicago_Climate_Exchange
Carbon_neutral,https://en.wikipedia.org/wiki/Carbon_neutral
Forestry,https://en.wikipedia.org/wiki/Forestry
Deforestation,https://en.wikipedia.org/wiki/Deforestation
Carbon_dioxide_sink,https://en.wikipedia.org/wiki/Carbon_dioxide_sink
Efficient_energy_use,https://en.wikipedia.org/wiki/Efficient_energy_use
Climate_change_and_agriculture,https://en.wikipedia.org/wiki/Climate_change_and_agriculture
Renewable_energy,https://en.wikipedia.org/wiki/Renewable_energy
Carbon_credit,https://en.wikipedia.org/wiki/Carbon_credit
%C3%86ON,https://en.wikipedia.org/wiki/%C3%86ON
Private_brand,https://en.wikipedia.org/wiki/Private_brand
Waste_hierarchy,https://en.wikipedia.org/wiki/Waste_hierarchy
Carpooling,https://en.wikipedia.org/wiki/Carpooling
Mass_transportation,https://en.wikipedia.org/wiki/Mass_transportation
Carbon,https://en.wikipedia.org/wiki/Carbon
Caulking,https://en.wikipedia.org/wiki/Caulking
Food,https://en.wikipedia.org/wiki/Food
Supply_chain,https://en.wikipedia.org/wiki/Supply_chain
Alternative_energy,https://en.wikipedia.org/wiki/Alternative_energy
Environmental_Research_Letters,https://en.wikipedia.org/wiki/Environmental_Research_Letters
2000-watt_society,https://en.wikipedia.org/wiki/2000-watt_society
Avoiding_dangerous_climate_change,https://en.wikipedia.org/wiki/Avoiding_dangerous_climate_change
Carbon_cycle,https://en.wikipedia.org/wiki/Carbon_cycle
Carbon_intensity,https://en.wikipedia.org/wiki/Carbon_intensity
Chief_green_officer,https://en.wikipedia.org/wiki/Chief_green_officer
Earthcheck,https://en.wikipedia.org/wiki/Earthcheck
Energy_neutral_design,https://en.wikipedia.org/wiki/Energy_neutral_design
Energy_policy,https://en.wikipedia.org/wiki/Energy_policy
Enterprise_carbon_accounting,https://en.wikipedia.org/wiki/Enterprise_carbon_accounting
Food_miles,https://en.wikipedia.org/wiki/Food_miles
Greenhouse_debt,https://en.wikipedia.org/wiki/Greenhouse_debt
Greenhouse_gas_emissions_accounting,https://en.wikipedia.org/wiki/Greenhouse_gas_emissions_accounting
Global_warming,https://en.wikipedia.org/wiki/Global_warming
Hypermobility_(travel),https://en.wikipedia.org/wiki/Hypermobility_(travel)
Life_cycle_assessment,https://en.wikipedia.org/wiki/Life_cycle_assessment
List_of_countries_by_carbon_dioxide_emissions_per_capita,https://en.wikipedia.org/wiki/List_of_countries_by_carbon_dioxide_emissions_per_capita
List_of_countries_by_greenhouse_gas_emissions_per_capita,https://en.wikipedia.org/wiki/List_of_countries_by_greenhouse_gas_emissions_per_capita
Medical_tourism,https://en.wikipedia.org/wiki/Medical_tourism
Open_Carbon_World,https://en.wikipedia.org/wiki/Open_Carbon_World
Relative_cost_of_electricity_generated_by_different_sources,https://en.wikipedia.org/wiki/Relative_cost_of_electricity_generated_by_different_sources
Telecommuting,https://en.wikipedia.org/wiki/Telecommuting
Weighted_average_cost_of_carbon,https://en.wikipedia.org/wiki/Weighted_average_cost_of_carbon
Digital_object_identifier,https://en.wikipedia.org/wiki/Digital_object_identifier
PubMed_Identifier,https://en.wikipedia.org/wiki/PubMed_Identifier
International_Standard_Serial_Number,https://en.wikipedia.org/wiki/International_Standard_Serial_Number
PubMed_Central,https://en.wikipedia.org/wiki/PubMed_Central
International_Standard_Book_Number,https://en.wikipedia.org/wiki/International_Standard_Book_Number
CiteSeerX,https://en.wikipedia.org/wiki/CiteSeerX
Science_(journal),https://en.wikipedia.org/wiki/Science_(journal)
Parliamentary_Office_of_Science_and_Technology,https://en.wikipedia.org/wiki/Parliamentary_Office_of_Science_and_Technology
Nova_Science_Publishers,https://en.wikipedia.org/wiki/Nova_Science_Publishers
DMOZ,https://en.wikipedia.org/wiki/DMOZ
Sustainability,https://en.wikipedia.org/wiki/Sustainability
Anthropocene,https://en.wikipedia.org/wiki/Anthropocene
Earth_system_governance,https://en.wikipedia.org/wiki/Earth_system_governance
Ecological_modernization,https://en.wikipedia.org/wiki/Ecological_modernization
Environmental_governance,https://en.wikipedia.org/wiki/Environmental_governance
Environmentalism,https://en.wikipedia.org/wiki/Environmentalism
Global_catastrophic_risk,https://en.wikipedia.org/wiki/Global_catastrophic_risk
Human_impact_on_the_environment,https://en.wikipedia.org/wiki/Human_impact_on_the_environment
Planetary_boundaries,https://en.wikipedia.org/wiki/Planetary_boundaries
Social_sustainability,https://en.wikipedia.org/wiki/Social_sustainability
Stewardship,https://en.wikipedia.org/wiki/Stewardship
Sustainable_development,https://en.wikipedia.org/wiki/Sustainable_development
Consumption_(economics),https://en.wikipedia.org/wiki/Consumption_(economics)
Anthropization,https://en.wikipedia.org/wiki/Anthropization
Anti-consumerism,https://en.wikipedia.org/wiki/Anti-consumerism
Earth_Overshoot_Day,https://en.wikipedia.org/wiki/Earth_Overshoot_Day
Ethical_consumerism,https://en.wikipedia.org/wiki/Ethical_consumerism
Over-consumption,https://en.wikipedia.org/wiki/Over-consumption
Simple_living,https://en.wikipedia.org/wiki/Simple_living
Sustainability_advertising,https://en.wikipedia.org/wiki/Sustainability_advertising
Sustainability_brand,https://en.wikipedia.org/wiki/Sustainability_brand
Sustainability_marketing_myopia,https://en.wikipedia.org/wiki/Sustainability_marketing_myopia
Sustainable_consumption,https://en.wikipedia.org/wiki/Sustainable_consumption
Sustainability_and_systemic_change_resistance,https://en.wikipedia.org/wiki/Sustainability_and_systemic_change_resistance
Tragedy_of_the_commons,https://en.wikipedia.org/wiki/Tragedy_of_the_commons
Population,https://en.wikipedia.org/wiki/Population
Birth_control,https://en.wikipedia.org/wiki/Birth_control
Family_planning,https://en.wikipedia.org/wiki/Family_planning
Human_population_control,https://en.wikipedia.org/wiki/Human_population_control
Zero_population_growth,https://en.wikipedia.org/wiki/Zero_population_growth
Appropriate_technology,https://en.wikipedia.org/wiki/Appropriate_technology
Environmental_technology,https://en.wikipedia.org/wiki/Environmental_technology
Sustainable_design,https://en.wikipedia.org/wiki/Sustainable_design
Biodiversity,https://en.wikipedia.org/wiki/Biodiversity
Biosecurity,https://en.wikipedia.org/wiki/Biosecurity
Biosphere,https://en.wikipedia.org/wiki/Biosphere
Conservation_biology,https://en.wikipedia.org/wiki/Conservation_biology
Deep_ecology,https://en.wikipedia.org/wiki/Deep_ecology
Endangered_species,https://en.wikipedia.org/wiki/Endangered_species
Holocene_extinction,https://en.wikipedia.org/wiki/Holocene_extinction
Invasive_species,https://en.wikipedia.org/wiki/Invasive_species
Climate_change_mitigation,https://en.wikipedia.org/wiki/Climate_change_mitigation
Energy_conservation,https://en.wikipedia.org/wiki/Energy_conservation
Energy_descent,https://en.wikipedia.org/wiki/Energy_descent
Fossil-fuel_phase-out,https://en.wikipedia.org/wiki/Fossil-fuel_phase-out
Peak_oil,https://en.wikipedia.org/wiki/Peak_oil
Energy_poverty,https://en.wikipedia.org/wiki/Energy_poverty
Forest_gardening,https://en.wikipedia.org/wiki/Forest_gardening
Local_food,https://en.wikipedia.org/wiki/Local_food
Permaculture,https://en.wikipedia.org/wiki/Permaculture
Food_security,https://en.wikipedia.org/wiki/Food_security
Sustainable_agriculture,https://en.wikipedia.org/wiki/Sustainable_agriculture
Sustainable_fishery,https://en.wikipedia.org/wiki/Sustainable_fishery
Urban_horticulture,https://en.wikipedia.org/wiki/Urban_horticulture
Water_conservation,https://en.wikipedia.org/wiki/Water_conservation
Water_crisis,https://en.wikipedia.org/wiki/Water_crisis
Water_efficiency,https://en.wikipedia.org/wiki/Water_efficiency
Reclaimed_water,https://en.wikipedia.org/wiki/Reclaimed_water
Sustainability_accounting,https://en.wikipedia.org/wiki/Sustainability_accounting
Sustainability_measurement,https://en.wikipedia.org/wiki/Sustainability_measurement
Sustainability_metrics_and_indices,https://en.wikipedia.org/wiki/Sustainability_metrics_and_indices
Sustainability_reporting,https://en.wikipedia.org/wiki/Sustainability_reporting
Sustainability_standards_and_certification,https://en.wikipedia.org/wiki/Sustainability_standards_and_certification
Sustainable_yield,https://en.wikipedia.org/wiki/Sustainable_yield
Sustainable_advertising,https://en.wikipedia.org/wiki/Sustainable_advertising
Sustainable_architecture,https://en.wikipedia.org/wiki/Sustainable_architecture
Sustainable_art,https://en.wikipedia.org/wiki/Sustainable_art
Sustainable_business,https://en.wikipedia.org/wiki/Sustainable_business
Sustainable_city,https://en.wikipedia.org/wiki/Sustainable_city
North_American_collegiate_sustainability_programs,https://en.wikipedia.org/wiki/North_American_collegiate_sustainability_programs
Education_for_Sustainable_Development,https://en.wikipedia.org/wiki/Education_for_Sustainable_Development
Sustainable_fashion,https://en.wikipedia.org/wiki/Sustainable_fashion
Sustainable_gardening,https://en.wikipedia.org/wiki/Sustainable_gardening
Geopark,https://en.wikipedia.org/wiki/Geopark
Green_marketing,https://en.wikipedia.org/wiki/Green_marketing
Sustainable_industries,https://en.wikipedia.org/wiki/Sustainable_industries
Sustainable_landscape_architecture,https://en.wikipedia.org/wiki/Sustainable_landscape_architecture
Sustainable_living,https://en.wikipedia.org/wiki/Sustainable_living
Low-impact_development_(UK),https://en.wikipedia.org/wiki/Low-impact_development_(UK)
Sustainable_market,https://en.wikipedia.org/wiki/Sustainable_market
Sustainability_organizations,https://en.wikipedia.org/wiki/Sustainability_organizations
Sustainable_packaging,https://en.wikipedia.org/wiki/Sustainable_packaging
Sustainability_practices_in_organizations,https://en.wikipedia.org/wiki/Sustainability_practices_in_organizations
Sustainable_procurement,https://en.wikipedia.org/wiki/Sustainable_procurement
Sustainable_tourism,https://en.wikipedia.org/wiki/Sustainable_tourism
Sustainable_transport,https://en.wikipedia.org/wiki/Sustainable_transport
Sustainable_urban_infrastructure,https://en.wikipedia.org/wiki/Sustainable_urban_infrastructure
New_Urbanism,https://en.wikipedia.org/wiki/New_Urbanism
Sustainability_and_environmental_management,https://en.wikipedia.org/wiki/Sustainability_and_environmental_management
Fisheries_management,https://en.wikipedia.org/wiki/Fisheries_management
Sustainable_forest_management,https://en.wikipedia.org/wiki/Sustainable_forest_management
Sustainable_materials_management,https://en.wikipedia.org/wiki/Sustainable_materials_management
Natural_resource_management,https://en.wikipedia.org/wiki/Natural_resource_management
Planetary_management,https://en.wikipedia.org/wiki/Planetary_management
Waste_management,https://en.wikipedia.org/wiki/Waste_management
United_Nations_Conference_on_the_Human_Environment,https://en.wikipedia.org/wiki/United_Nations_Conference_on_the_Human_Environment
Brundtland_Commission,https://en.wikipedia.org/wiki/Brundtland_Commission
Our_Common_Future,https://en.wikipedia.org/wiki/Our_Common_Future
Earth_Summit,https://en.wikipedia.org/wiki/Earth_Summit
Rio_Declaration_on_Environment_and_Development,https://en.wikipedia.org/wiki/Rio_Declaration_on_Environment_and_Development
Agenda_21,https://en.wikipedia.org/wiki/Agenda_21
Convention_on_Biological_Diversity,https://en.wikipedia.org/wiki/Convention_on_Biological_Diversity
International_Conference_on_Population_and_Development,https://en.wikipedia.org/wiki/International_Conference_on_Population_and_Development
Earth_Charter,https://en.wikipedia.org/wiki/Earth_Charter
Lisbon_Principles,https://en.wikipedia.org/wiki/Lisbon_Principles
United_Nations_Millennium_Declaration,https://en.wikipedia.org/wiki/United_Nations_Millennium_Declaration
Earth_Summit_2002,https://en.wikipedia.org/wiki/Earth_Summit_2002
United_Nations_Conference_on_Sustainable_Development,https://en.wikipedia.org/wiki/United_Nations_Conference_on_Sustainable_Development
Sustainable_Development_Goals,https://en.wikipedia.org/wiki/Sustainable_Development_Goals
Outline_of_sustainability,https://en.wikipedia.org/wiki/Outline_of_sustainability
Sustainability_science,https://en.wikipedia.org/wiki/Sustainability_science
Sustainability_studies,https://en.wikipedia.org/wiki/Sustainability_studies
List_of_environmental_degrees,https://en.wikipedia.org/wiki/List_of_environmental_degrees
Climate_change,https://en.wikipedia.org/wiki/Climate_change
Brightness_temperature,https://en.wikipedia.org/wiki/Brightness_temperature
Effective_temperature,https://en.wikipedia.org/wiki/Effective_temperature
Geologic_temperature_record,https://en.wikipedia.org/wiki/Geologic_temperature_record
Global_warming_hiatus,https://en.wikipedia.org/wiki/Global_warming_hiatus
Historical_climatology,https://en.wikipedia.org/wiki/Historical_climatology
Instrumental_temperature_record,https://en.wikipedia.org/wiki/Instrumental_temperature_record
Paleoclimatology,https://en.wikipedia.org/wiki/Paleoclimatology
Paleotempestology,https://en.wikipedia.org/wiki/Paleotempestology
Temperature_record_of_the_past_1000_years,https://en.wikipedia.org/wiki/Temperature_record_of_the_past_1000_years
Satellite_temperature_measurements,https://en.wikipedia.org/wiki/Satellite_temperature_measurements
Anthropogenic_climate_change,https://en.wikipedia.org/wiki/Anthropogenic_climate_change
Attribution_of_recent_climate_change,https://en.wikipedia.org/wiki/Attribution_of_recent_climate_change
Biofuel,https://en.wikipedia.org/wiki/Biofuel
Black_carbon,https://en.wikipedia.org/wiki/Black_carbon
Deforestation_and_climate_change,https://en.wikipedia.org/wiki/Deforestation_and_climate_change
Earth%27s_energy_budget,https://en.wikipedia.org/wiki/Earth%27s_energy_budget
Ecocide,https://en.wikipedia.org/wiki/Ecocide
Fossil_fuel,https://en.wikipedia.org/wiki/Fossil_fuel
Global_dimming,https://en.wikipedia.org/wiki/Global_dimming
Greenhouse_effect,https://en.wikipedia.org/wiki/Greenhouse_effect
Infrared_window,https://en.wikipedia.org/wiki/Infrared_window
Halocarbon,https://en.wikipedia.org/wiki/Halocarbon
Radiative_forcing,https://en.wikipedia.org/wiki/Radiative_forcing
Tropospheric_ozone,https://en.wikipedia.org/wiki/Tropospheric_ozone
Natural_environment,https://en.wikipedia.org/wiki/Natural_environment
Albedo,https://en.wikipedia.org/wiki/Albedo
Bond_event,https://en.wikipedia.org/wiki/Bond_event
Climate_oscillation,https://en.wikipedia.org/wiki/Climate_oscillation
Climate_sensitivity,https://en.wikipedia.org/wiki/Climate_sensitivity
Cloud_forcing,https://en.wikipedia.org/wiki/Cloud_forcing
Cosmic_ray,https://en.wikipedia.org/wiki/Cosmic_ray
Climate_change_feedback,https://en.wikipedia.org/wiki/Climate_change_feedback
Glacial_period,https://en.wikipedia.org/wiki/Glacial_period
Global_cooling,https://en.wikipedia.org/wiki/Global_cooling
Milankovitch_cycles,https://en.wikipedia.org/wiki/Milankovitch_cycles
Atlantic_multidecadal_oscillation,https://en.wikipedia.org/wiki/Atlantic_multidecadal_oscillation
El_Ni%C3%B1o%E2%80%93Southern_Oscillation,https://en.wikipedia.org/wiki/El_Ni%C3%B1o%E2%80%93Southern_Oscillation
Indian_Ocean_Dipole,https://en.wikipedia.org/wiki/Indian_Ocean_Dipole
Pacific_decadal_oscillation,https://en.wikipedia.org/wiki/Pacific_decadal_oscillation
Orbital_forcing,https://en.wikipedia.org/wiki/Orbital_forcing
Solar_cycle,https://en.wikipedia.org/wiki/Solar_cycle
Volcanism,https://en.wikipedia.org/wiki/Volcanism
Climate_model,https://en.wikipedia.org/wiki/Climate_model
General_circulation_model,https://en.wikipedia.org/wiki/General_circulation_model
History_of_climate_change_science,https://en.wikipedia.org/wiki/History_of_climate_change_science
Svante_Arrhenius,https://en.wikipedia.org/wiki/Svante_Arrhenius
Charles_David_Keeling,https://en.wikipedia.org/wiki/Charles_David_Keeling
Environmental_ethics,https://en.wikipedia.org/wiki/Environmental_ethics
Media_coverage_of_global_warming,https://en.wikipedia.org/wiki/Media_coverage_of_global_warming
Public_opinion_on_global_warming,https://en.wikipedia.org/wiki/Public_opinion_on_global_warming
Global_warming_in_popular_culture,https://en.wikipedia.org/wiki/Global_warming_in_popular_culture
Scientific_opinion_on_climate_change,https://en.wikipedia.org/wiki/Scientific_opinion_on_climate_change
List_of_scientists_who_disagree_with_the_scientific_consensus_on_global_warming,https://en.wikipedia.org/wiki/List_of_scientists_who_disagree_with_the_scientific_consensus_on_global_warming
Climate_change_denial,https://en.wikipedia.org/wiki/Climate_change_denial
Global_warming_conspiracy_theory,https://en.wikipedia.org/wiki/Global_warming_conspiracy_theory
Climate_change_opinion_by_country,https://en.wikipedia.org/wiki/Climate_change_opinion_by_country
Climate_change_in_Africa,https://en.wikipedia.org/wiki/Climate_change_in_Africa
Climate_change_in_the_Arctic,https://en.wikipedia.org/wiki/Climate_change_in_the_Arctic
Climate_change_in_Argentina,https://en.wikipedia.org/wiki/Climate_change_in_Argentina
Climate_change_in_Australia,https://en.wikipedia.org/wiki/Climate_change_in_Australia
Climate_change_in_Bangladesh,https://en.wikipedia.org/wiki/Climate_change_in_Bangladesh
Global_warming_in_Belgium,https://en.wikipedia.org/wiki/Global_warming_in_Belgium
Climate_change_in_Canada,https://en.wikipedia.org/wiki/Climate_change_in_Canada
Climate_change_in_China,https://en.wikipedia.org/wiki/Climate_change_in_China
Climate_change_in_Europe,https://en.wikipedia.org/wiki/Climate_change_in_Europe
Climate_change_in_the_European_Union,https://en.wikipedia.org/wiki/Climate_change_in_the_European_Union
Climate_change_in_Finland,https://en.wikipedia.org/wiki/Climate_change_in_Finland
Climate_change_in_Grenada,https://en.wikipedia.org/wiki/Climate_change_in_Grenada
Climate_change_in_Japan,https://en.wikipedia.org/wiki/Climate_change_in_Japan
Global_warming_in_Luxembourg,https://en.wikipedia.org/wiki/Global_warming_in_Luxembourg
Climate_change_in_New_Zealand,https://en.wikipedia.org/wiki/Climate_change_in_New_Zealand
Global_warming_in_Norway,https://en.wikipedia.org/wiki/Global_warming_in_Norway
Climate_change_in_Russia,https://en.wikipedia.org/wiki/Climate_change_in_Russia
Climate_change_in_Scotland,https://en.wikipedia.org/wiki/Climate_change_in_Scotland
Climate_change_in_South_Korea,https://en.wikipedia.org/wiki/Climate_change_in_South_Korea
Climate_change_in_Tuvalu,https://en.wikipedia.org/wiki/Climate_change_in_Tuvalu
Climate_change_in_the_United_Kingdom,https://en.wikipedia.org/wiki/Climate_change_in_the_United_Kingdom
Climate_change_in_the_United_States,https://en.wikipedia.org/wiki/Climate_change_in_the_United_States
Politics_of_global_warming,https://en.wikipedia.org/wiki/Politics_of_global_warming
Manufactured_controversy,https://en.wikipedia.org/wiki/Manufactured_controversy
Intergovernmental_Panel_on_Climate_Change,https://en.wikipedia.org/wiki/Intergovernmental_Panel_on_Climate_Change
March_for_Science,https://en.wikipedia.org/wiki/March_for_Science
United_Nations_Framework_Convention_on_Climate_Change,https://en.wikipedia.org/wiki/United_Nations_Framework_Convention_on_Climate_Change
Global_climate_regime,https://en.wikipedia.org/wiki/Global_climate_regime
Effects_of_global_warming,https://en.wikipedia.org/wiki/Effects_of_global_warming
Abrupt_climate_change,https://en.wikipedia.org/wiki/Abrupt_climate_change
Anoxic_event,https://en.wikipedia.org/wiki/Anoxic_event
Arctic_dipole_anomaly,https://en.wikipedia.org/wiki/Arctic_dipole_anomaly
Arctic_haze,https://en.wikipedia.org/wiki/Arctic_haze
Arctic_methane_emissions,https://en.wikipedia.org/wiki/Arctic_methane_emissions
Climate_change_and_ecosystems,https://en.wikipedia.org/wiki/Climate_change_and_ecosystems
Drought,https://en.wikipedia.org/wiki/Drought
Economics_of_global_warming,https://en.wikipedia.org/wiki/Economics_of_global_warming
Effects_of_climate_change_on_plant_biodiversity,https://en.wikipedia.org/wiki/Effects_of_climate_change_on_plant_biodiversity
Effects_of_global_warming_on_humans,https://en.wikipedia.org/wiki/Effects_of_global_warming_on_humans
Effects_of_global_warming_on_marine_mammals,https://en.wikipedia.org/wiki/Effects_of_global_warming_on_marine_mammals
Environmental_migrant,https://en.wikipedia.org/wiki/Environmental_migrant
Extinction_risk_from_global_warming,https://en.wikipedia.org/wiki/Extinction_risk_from_global_warming
Fisheries_and_climate_change,https://en.wikipedia.org/wiki/Fisheries_and_climate_change
Forest_dieback,https://en.wikipedia.org/wiki/Forest_dieback
Climate_change_industry_and_society,https://en.wikipedia.org/wiki/Climate_change_industry_and_society
Iris_hypothesis,https://en.wikipedia.org/wiki/Iris_hypothesis
Megadrought,https://en.wikipedia.org/wiki/Megadrought
Ocean_acidification,https://en.wikipedia.org/wiki/Ocean_acidification
Ozone_depletion,https://en.wikipedia.org/wiki/Ozone_depletion
Physical_impacts_of_climate_change,https://en.wikipedia.org/wiki/Physical_impacts_of_climate_change
Polar_stratospheric_cloud,https://en.wikipedia.org/wiki/Polar_stratospheric_cloud
Regime_shift,https://en.wikipedia.org/wiki/Regime_shift
Retreat_of_glaciers_since_1850,https://en.wikipedia.org/wiki/Retreat_of_glaciers_since_1850
Runaway_climate_change,https://en.wikipedia.org/wiki/Runaway_climate_change
Sea_level_rise,https://en.wikipedia.org/wiki/Sea_level_rise
Season_creep,https://en.wikipedia.org/wiki/Season_creep
Shutdown_of_thermohaline_circulation,https://en.wikipedia.org/wiki/Shutdown_of_thermohaline_circulation
Effects_of_global_warming_on_Australia,https://en.wikipedia.org/wiki/Effects_of_global_warming_on_Australia
Effects_of_global_warming_on_South_Asia,https://en.wikipedia.org/wiki/Effects_of_global_warming_on_South_Asia
Effects_of_global_warming_on_India,https://en.wikipedia.org/wiki/Effects_of_global_warming_on_India
Climate_change_adaptation_in_Nepal,https://en.wikipedia.org/wiki/Climate_change_adaptation_in_Nepal
National_Climate_Assessment,https://en.wikipedia.org/wiki/National_Climate_Assessment
Bali_Road_Map,https://en.wikipedia.org/wiki/Bali_Road_Map
2009_United_Nations_Climate_Change_Conference,https://en.wikipedia.org/wiki/2009_United_Nations_Climate_Change_Conference
European_Climate_Change_Programme,https://en.wikipedia.org/wiki/European_Climate_Change_Programme
G8_Climate_Change_Roundtable,https://en.wikipedia.org/wiki/G8_Climate_Change_Roundtable
United_Kingdom_Climate_Change_Programme,https://en.wikipedia.org/wiki/United_Kingdom_Climate_Change_Programme
Paris_Agreement,https://en.wikipedia.org/wiki/Paris_Agreement
United_States_withdrawal_from_the_Paris_Agreement,https://en.wikipedia.org/wiki/United_States_withdrawal_from_the_Paris_Agreement
Regional_climate_change_initiatives_in_the_United_States,https://en.wikipedia.org/wiki/Regional_climate_change_initiatives_in_the_United_States
List_of_climate_change_initiatives,https://en.wikipedia.org/wiki/List_of_climate_change_initiatives
Carbon-neutral_fuel,https://en.wikipedia.org/wiki/Carbon-neutral_fuel
Low-carbon_economy,https://en.wikipedia.org/wiki/Low-carbon_economy
Nuclear_power,https://en.wikipedia.org/wiki/Nuclear_power
Individual_action_on_climate_change,https://en.wikipedia.org/wiki/Individual_action_on_climate_change
Carbon_dioxide_removal,https://en.wikipedia.org/wiki/Carbon_dioxide_removal
Climate_change_mitigation_scenarios,https://en.wikipedia.org/wiki/Climate_change_mitigation_scenarios
Climate_engineering,https://en.wikipedia.org/wiki/Climate_engineering
Reducing_emissions_from_deforestation_and_forest_degradation,https://en.wikipedia.org/wiki/Reducing_emissions_from_deforestation_and_forest_degradation
Reforestation,https://en.wikipedia.org/wiki/Reforestation
Urban_reforestation,https://en.wikipedia.org/wiki/Urban_reforestation
Climate_change_adaptation,https://en.wikipedia.org/wiki/Climate_change_adaptation
Glacial_lake,https://en.wikipedia.org/wiki/Glacial_lake
Desalination,https://en.wikipedia.org/wiki/Desalination
Drought_tolerance,https://en.wikipedia.org/wiki/Drought_tolerance
Irrigation,https://en.wikipedia.org/wiki/Irrigation
Rainwater_tank,https://en.wikipedia.org/wiki/Rainwater_tank
Weather_modification,https://en.wikipedia.org/wiki/Weather_modification
Land_allocation_decision_support_system,https://en.wikipedia.org/wiki/Land_allocation_decision_support_system
Glossary_of_climate_change,https://en.wikipedia.org/wiki/Glossary_of_climate_change
Index_of_climate_change_articles,https://en.wikipedia.org/wiki/Index_of_climate_change_articles
Biocapacity,https://en.wikipedia.org/wiki/Biocapacity
Optimum_population,https://en.wikipedia.org/wiki/Optimum_population
Malthusian_catastrophe,https://en.wikipedia.org/wiki/Malthusian_catastrophe
Population_ethics,https://en.wikipedia.org/wiki/Population_ethics
Population_momentum,https://en.wikipedia.org/wiki/Population_momentum
Reproductive_rights,https://en.wikipedia.org/wiki/Reproductive_rights
Population_Matters,https://en.wikipedia.org/wiki/Population_Matters
One-child_policy,https://en.wikipedia.org/wiki/One-child_policy
Two-child_policy,https://en.wikipedia.org/wiki/Two-child_policy
Population_decline,https://en.wikipedia.org/wiki/Population_decline
Population_density,https://en.wikipedia.org/wiki/Population_density
Physiological_density,https://en.wikipedia.org/wiki/Physiological_density
Population_dynamics,https://en.wikipedia.org/wiki/Population_dynamics
Population_growth,https://en.wikipedia.org/wiki/Population_growth
Population_model,https://en.wikipedia.org/wiki/Population_model
Population_pyramid,https://en.wikipedia.org/wiki/Population_pyramid
Projections_of_population_growth,https://en.wikipedia.org/wiki/Projections_of_population_growth
Desertification,https://en.wikipedia.org/wiki/Desertification
Environmental_impact_of_agriculture,https://en.wikipedia.org/wiki/Environmental_impact_of_agriculture
Environmental_impact_of_biodiesel,https://en.wikipedia.org/wiki/Environmental_impact_of_biodiesel
Environmental_impact_of_concrete,https://en.wikipedia.org/wiki/Environmental_impact_of_concrete
Environmental_impact_of_electricity_generation,https://en.wikipedia.org/wiki/Environmental_impact_of_electricity_generation
Environmental_impact_of_the_energy_industry,https://en.wikipedia.org/wiki/Environmental_impact_of_the_energy_industry
Environmental_impact_of_fishing,https://en.wikipedia.org/wiki/Environmental_impact_of_fishing
Environmental_impact_of_mining,https://en.wikipedia.org/wiki/Environmental_impact_of_mining
Off-roading,https://en.wikipedia.org/wiki/Off-roading
Environmental_impact_of_the_oil_shale_industry,https://en.wikipedia.org/wiki/Environmental_impact_of_the_oil_shale_industry
Social_and_environmental_impact_of_palm_oil,https://en.wikipedia.org/wiki/Social_and_environmental_impact_of_palm_oil
Environmental_impact_of_paper,https://en.wikipedia.org/wiki/Environmental_impact_of_paper
Environmental_impact_of_the_petroleum_industry,https://en.wikipedia.org/wiki/Environmental_impact_of_the_petroleum_industry
Environmental_impact_of_reservoirs,https://en.wikipedia.org/wiki/Environmental_impact_of_reservoirs
Environmental_impact_of_shipping,https://en.wikipedia.org/wiki/Environmental_impact_of_shipping
Environmental_impact_of_war,https://en.wikipedia.org/wiki/Environmental_impact_of_war
Industrialisation,https://en.wikipedia.org/wiki/Industrialisation
Land_degradation,https://en.wikipedia.org/wiki/Land_degradation
Land_reclamation,https://en.wikipedia.org/wiki/Land_reclamation
Pollution,https://en.wikipedia.org/wiki/Pollution
Quarry,https://en.wikipedia.org/wiki/Quarry
Urbanization,https://en.wikipedia.org/wiki/Urbanization
Green_belt,https://en.wikipedia.org/wiki/Green_belt
Urban_sprawl,https://en.wikipedia.org/wiki/Urban_sprawl
Waste,https://en.wikipedia.org/wiki/Waste
Overdrafting,https://en.wikipedia.org/wiki/Overdrafting
Population_ecology,https://en.wikipedia.org/wiki/Population_ecology
Carrying_capacity,https://en.wikipedia.org/wiki/Carrying_capacity
Habitat_destruction,https://en.wikipedia.org/wiki/Habitat_destruction
I_3D_PAT,https://en.wikipedia.org/wiki/I_3D_PAT
Malthusian_growth_model,https://en.wikipedia.org/wiki/Malthusian_growth_model
Overshoot_(population),https://en.wikipedia.org/wiki/Overshoot_(population)
World_energy_consumption,https://en.wikipedia.org/wiki/World_energy_consumption
World_energy_resources,https://en.wikipedia.org/wiki/World_energy_resources
World3,https://en.wikipedia.org/wiki/World3
A_Modest_Proposal,https://en.wikipedia.org/wiki/A_Modest_Proposal
Observations_Concerning_the_Increase_of_Mankind_Peopling_of_Countries_etc.,https://en.wikipedia.org/wiki/Observations_Concerning_the_Increase_of_Mankind_Peopling_of_Countries_etc.
An_Essay_on_the_Principle_of_Population,https://en.wikipedia.org/wiki/An_Essay_on_the_Principle_of_Population
How_Much_Land_Does_a_Man_Need%3F,https://en.wikipedia.org/wiki/How_Much_Land_Does_a_Man_Need%3F
Operating_Manual_for_Spaceship_Earth,https://en.wikipedia.org/wiki/Operating_Manual_for_Spaceship_Earth
The_Limits_to_Growth,https://en.wikipedia.org/wiki/The_Limits_to_Growth
The_Population_Bomb,https://en.wikipedia.org/wiki/The_Population_Bomb
The_Skeptical_Environmentalist,https://en.wikipedia.org/wiki/The_Skeptical_Environmentalist
The_Ultimate_Resource,https://en.wikipedia.org/wiki/The_Ultimate_Resource
Population_and_Environment,https://en.wikipedia.org/wiki/Population_and_Environment
Population_and_Development_Review,https://en.wikipedia.org/wiki/Population_and_Development_Review
Population_and_housing_censuses_by_country,https://en.wikipedia.org/wiki/Population_and_housing_censuses_by_country
List_of_metropolitan_areas_by_population,https://en.wikipedia.org/wiki/List_of_metropolitan_areas_by_population
World_population_milestones,https://en.wikipedia.org/wiki/World_population_milestones
7_Billion_Actions,https://en.wikipedia.org/wiki/7_Billion_Actions
Population_Action_International,https://en.wikipedia.org/wiki/Population_Action_International
Population_Connection,https://en.wikipedia.org/wiki/Population_Connection
Population_Research_Institute,https://en.wikipedia.org/wiki/Population_Research_Institute
Voluntary_Human_Extinction_Movement,https://en.wikipedia.org/wiki/Voluntary_Human_Extinction_Movement
World_Population_Day,https://en.wikipedia.org/wiki/World_Population_Day
World_Population_Foundation,https://en.wikipedia.org/wiki/World_Population_Foundation
Classic_Maya_collapse,https://en.wikipedia.org/wiki/Classic_Maya_collapse
Fertility_and_intelligence,https://en.wikipedia.org/wiki/Fertility_and_intelligence
Green_Revolution,https://en.wikipedia.org/wiki/Green_Revolution
Human_migration,https://en.wikipedia.org/wiki/Human_migration
National_Diet_Library,https://en.wikipedia.org/wiki/National_Diet_Library
Quantity,https://en.wikipedia.org/wiki/Quantity
Units_of_measurement,https://en.wikipedia.org/wiki/Units_of_measurement
UN,https://en.wikipedia.org/wiki/UN
Tonne,https://en.wikipedia.org/wiki/Tonne
Perfluorocarbons,https://en.wikipedia.org/wiki/Perfluorocarbons
Nitrous_oxide,https://en.wikipedia.org/wiki/Nitrous_oxide
Volume,https://en.wikipedia.org/wiki/Volume
Ppmv,https://en.wikipedia.org/wiki/Ppmv
Emission_standard,https://en.wikipedia.org/wiki/Emission_standard
Chemical_formula,https://en.wikipedia.org/wiki/Chemical_formula
Gas,https://en.wikipedia.org/wiki/Gas
Atom,https://en.wikipedia.org/wiki/Atom
Covalent_bond,https://en.wikipedia.org/wiki/Covalent_bond
Double_bond,https://en.wikipedia.org/wiki/Double_bond
Oxygen,https://en.wikipedia.org/wiki/Oxygen
Atmosphere_of_Earth,https://en.wikipedia.org/wiki/Atmosphere_of_Earth
Parts_per_million,https://en.wikipedia.org/wiki/Parts_per_million
Volcano,https://en.wikipedia.org/wiki/Volcano
Hot_spring,https://en.wikipedia.org/wiki/Hot_spring
Geyser,https://en.wikipedia.org/wiki/Geyser
Carbonate_rock,https://en.wikipedia.org/wiki/Carbonate_rock
Dissolution_(chemistry),https://en.wikipedia.org/wiki/Dissolution_(chemistry)
Groundwater,https://en.wikipedia.org/wiki/Groundwater
River,https://en.wikipedia.org/wiki/River
Lake,https://en.wikipedia.org/wiki/Lake
Ice_cap,https://en.wikipedia.org/wiki/Ice_cap
Glacier,https://en.wikipedia.org/wiki/Glacier
Seawater,https://en.wikipedia.org/wiki/Seawater
Petroleum,https://en.wikipedia.org/wiki/Petroleum
Natural_gas,https://en.wikipedia.org/wiki/Natural_gas
Atmospheric_carbon_dioxide,https://en.wikipedia.org/wiki/Atmospheric_carbon_dioxide
Life,https://en.wikipedia.org/wiki/Life
Precambrian,https://en.wikipedia.org/wiki/Precambrian
Photosynthesis,https://en.wikipedia.org/wiki/Photosynthesis
Plant,https://en.wikipedia.org/wiki/Plant
Algae,https://en.wikipedia.org/wiki/Algae
Cyanobacteria,https://en.wikipedia.org/wiki/Cyanobacteria
Light,https://en.wikipedia.org/wiki/Light
Energy,https://en.wikipedia.org/wiki/Energy
Carbohydrate,https://en.wikipedia.org/wiki/Carbohydrate
Aerobic_organisms,https://en.wikipedia.org/wiki/Aerobic_organisms
Cellular_respiration,https://en.wikipedia.org/wiki/Cellular_respiration
Fish_respiration,https://en.wikipedia.org/wiki/Fish_respiration
Decomposition,https://en.wikipedia.org/wiki/Decomposition
Fermentation,https://en.wikipedia.org/wiki/Fermentation
Bread,https://en.wikipedia.org/wiki/Bread
Beer,https://en.wikipedia.org/wiki/Beer
Wine,https://en.wikipedia.org/wiki/Wine
Wood,https://en.wikipedia.org/wiki/Wood
Coal,https://en.wikipedia.org/wiki/Coal
Peat,https://en.wikipedia.org/wiki/Peat
Oxidation,https://en.wikipedia.org/wiki/Oxidation
Acrylic_acid,https://en.wikipedia.org/wiki/Acrylic_acid
Fire_extinguishers,https://en.wikipedia.org/wiki/Fire_extinguishers
Supercritical_drying,https://en.wikipedia.org/wiki/Supercritical_drying
Carbonated_beverage,https://en.wikipedia.org/wiki/Carbonated_beverage
Sparkling_wine,https://en.wikipedia.org/wiki/Sparkling_wine
Effervescence,https://en.wikipedia.org/wiki/Effervescence
Dry_ice,https://en.wikipedia.org/wiki/Dry_ice
Dry-ice_blasting,https://en.wikipedia.org/wiki/Dry-ice_blasting
Industrial_Revolution,https://en.wikipedia.org/wiki/Industrial_Revolution
Carbonic_acid,https://en.wikipedia.org/wiki/Carbonic_acid
Flemish_people,https://en.wikipedia.org/wiki/Flemish_people
Jan_Baptist_van_Helmont,https://en.wikipedia.org/wiki/Jan_Baptist_van_Helmont
Charcoal,https://en.wikipedia.org/wiki/Charcoal
Scotland,https://en.wikipedia.org/wiki/Scotland
Joseph_Black,https://en.wikipedia.org/wiki/Joseph_Black
Limestone,https://en.wikipedia.org/wiki/Limestone
Calcium_carbonate,https://en.wikipedia.org/wiki/Calcium_carbonate
Acid,https://en.wikipedia.org/wiki/Acid
Calcium_hydroxide,https://en.wikipedia.org/wiki/Calcium_hydroxide
Precipitation_(chemistry),https://en.wikipedia.org/wiki/Precipitation_(chemistry)
Joseph_Priestley,https://en.wikipedia.org/wiki/Joseph_Priestley
Sulfuric_acid,https://en.wikipedia.org/wiki/Sulfuric_acid
Humphry_Davy,https://en.wikipedia.org/wiki/Humphry_Davy
Michael_Faraday,https://en.wikipedia.org/wiki/Michael_Faraday
Infrared_spectroscopy,https://en.wikipedia.org/wiki/Infrared_spectroscopy
Molecular_orbital_diagram,https://en.wikipedia.org/wiki/Molecular_orbital_diagram
Centrosymmetric,https://en.wikipedia.org/wiki/Centrosymmetric
Carbon%E2%80%93oxygen_bond,https://en.wikipedia.org/wiki/Carbon%E2%80%93oxygen_bond
Picometer,https://en.wikipedia.org/wiki/Picometer
Bond_length,https://en.wikipedia.org/wiki/Bond_length
Dipole,https://en.wikipedia.org/wiki/Dipole
IR_spectrum,https://en.wikipedia.org/wiki/IR_spectrum
Degenerate_energy_levels,https://en.wikipedia.org/wiki/Degenerate_energy_levels
Raman_spectrum,https://en.wikipedia.org/wiki/Raman_spectrum
Soluble,https://en.wikipedia.org/wiki/Soluble
Acid_strength,https://en.wikipedia.org/wiki/Acid_strength
Henry%27s_law,https://en.wikipedia.org/wiki/Henry%27s_law
Deprotonation,https://en.wikipedia.org/wiki/Deprotonation
Bicarbonate,https://en.wikipedia.org/wiki/Bicarbonate
Carbonate,https://en.wikipedia.org/wiki/Carbonate
PH,https://en.wikipedia.org/wiki/PH
Diprotic_acid,https://en.wikipedia.org/wiki/Diprotic_acid
Acid_dissociation_constant,https://en.wikipedia.org/wiki/Acid_dissociation_constant
Amphoteric,https://en.wikipedia.org/wiki/Amphoteric
Enzyme,https://en.wikipedia.org/wiki/Enzyme
Carbonic_anhydrase,https://en.wikipedia.org/wiki/Carbonic_anhydrase
Electrophile,https://en.wikipedia.org/wiki/Electrophile
Hydroxide,https://en.wikipedia.org/wiki/Hydroxide
Carbanion,https://en.wikipedia.org/wiki/Carbanion
Grignard_reagent,https://en.wikipedia.org/wiki/Grignard_reagent
Organolithium_compound,https://en.wikipedia.org/wiki/Organolithium_compound
Lithium,https://en.wikipedia.org/wiki/Lithium
Magnesium,https://en.wikipedia.org/wiki/Magnesium
Bromine,https://en.wikipedia.org/wiki/Bromine
Alkyl,https://en.wikipedia.org/wiki/Alkyl
Metal_carbon_dioxide_complex,https://en.wikipedia.org/wiki/Metal_carbon_dioxide_complex
Ligand,https://en.wikipedia.org/wiki/Ligand
Carbon_monoxide,https://en.wikipedia.org/wiki/Carbon_monoxide
Photoautotrophs,https://en.wikipedia.org/wiki/Photoautotrophs
Redox_potential,https://en.wikipedia.org/wiki/Redox_potential
Standard_hydrogen_electrode,https://en.wikipedia.org/wiki/Standard_hydrogen_electrode
Carbon_monoxide_dehydrogenase,https://en.wikipedia.org/wiki/Carbon_monoxide_dehydrogenase
Carbon_dioxide_data,https://en.wikipedia.org/wiki/Carbon_dioxide_data
Standard_conditions_for_temperature_and_pressure,https://en.wikipedia.org/wiki/Standard_conditions_for_temperature_and_pressure
Earth_27s_atmosphere,https://en.wikipedia.org/wiki/Earth_27s_atmosphere
Atmosphere_(unit),https://en.wikipedia.org/wiki/Atmosphere_(unit)
Deposition_(physics),https://en.wikipedia.org/wiki/Deposition_(physics)
Sublimation_(chemistry),https://en.wikipedia.org/wiki/Sublimation_(chemistry)
Phase_diagram,https://en.wikipedia.org/wiki/Phase_diagram
Pressure,https://en.wikipedia.org/wiki/Pressure
Triple_point,https://en.wikipedia.org/wiki/Triple_point
Bar_(unit),https://en.wikipedia.org/wiki/Bar_(unit)
KPa,https://en.wikipedia.org/wiki/KPa
Critical_point_(thermodynamics),https://en.wikipedia.org/wiki/Critical_point_(thermodynamics)
Amorphous,https://en.wikipedia.org/wiki/Amorphous
Supercooling,https://en.wikipedia.org/wiki/Supercooling
GPa,https://en.wikipedia.org/wiki/GPa
Diamond_anvil,https://en.wikipedia.org/wiki/Diamond_anvil
Silicon,https://en.wikipedia.org/wiki/Silicon
Silica,https://en.wikipedia.org/wiki/Silica
Germanium_dioxide,https://en.wikipedia.org/wiki/Germanium_dioxide
Supercritical_fluid,https://en.wikipedia.org/wiki/Supercritical_fluid
Distillation,https://en.wikipedia.org/wiki/Distillation
Combustion,https://en.wikipedia.org/wiki/Combustion
Diesel_fuel,https://en.wikipedia.org/wiki/Diesel_fuel
Propane,https://en.wikipedia.org/wiki/Propane
Calcining,https://en.wikipedia.org/wiki/Calcining
Calcium_oxide,https://en.wikipedia.org/wiki/Calcium_oxide
Coke_(fuel),https://en.wikipedia.org/wiki/Coke_(fuel)
Blast_furnace,https://en.wikipedia.org/wiki/Blast_furnace
Pig_iron,https://en.wikipedia.org/wiki/Pig_iron
Steam_reforming,https://en.wikipedia.org/wiki/Steam_reforming
Water_gas_shift_reaction,https://en.wikipedia.org/wiki/Water_gas_shift_reaction
Poultry,https://en.wikipedia.org/wiki/Poultry
Spring_(hydrosphere),https://en.wikipedia.org/wiki/Spring_(hydrosphere)
Dolomite,https://en.wikipedia.org/wiki/Dolomite
Hydrochloric_acid,https://en.wikipedia.org/wiki/Hydrochloric_acid
Fermentation_(biochemistry),https://en.wikipedia.org/wiki/Fermentation_(biochemistry)
Sugar,https://en.wikipedia.org/wiki/Sugar
Whisky,https://en.wikipedia.org/wiki/Whisky
Alcoholic_beverage,https://en.wikipedia.org/wiki/Alcoholic_beverage
Bioethanol,https://en.wikipedia.org/wiki/Bioethanol
Yeast,https://en.wikipedia.org/wiki/Yeast
Ethanol,https://en.wikipedia.org/wiki/Ethanol
Fatty_acid,https://en.wikipedia.org/wiki/Fatty_acid
Anaerobic_respiration,https://en.wikipedia.org/wiki/Anaerobic_respiration
Monosaccharide,https://en.wikipedia.org/wiki/Monosaccharide
Anaerobic_organisms,https://en.wikipedia.org/wiki/Anaerobic_organisms
Chemical_kinetics,https://en.wikipedia.org/wiki/Chemical_kinetics
Landfill_gas,https://en.wikipedia.org/wiki/Landfill_gas
Urea,https://en.wikipedia.org/wiki/Urea
Methanol,https://en.wikipedia.org/wiki/Methanol
Sodium_salicylate,https://en.wikipedia.org/wiki/Sodium_salicylate
Kolbe-Schmitt_reaction,https://en.wikipedia.org/wiki/Kolbe-Schmitt_reaction
Food_additive,https://en.wikipedia.org/wiki/Food_additive
E_number,https://en.wikipedia.org/wiki/E_number
Leavening_agent,https://en.wikipedia.org/wiki/Leavening_agent
Baker%27s_yeast,https://en.wikipedia.org/wiki/Baker%27s_yeast
Baking_powder,https://en.wikipedia.org/wiki/Baking_powder
Baking_soda,https://en.wikipedia.org/wiki/Baking_soda
Carbonation,https://en.wikipedia.org/wiki/Carbonation
Soda_water,https://en.wikipedia.org/wiki/Soda_water
Real_Ale,https://en.wikipedia.org/wiki/Real_Ale
Wine_making,https://en.wikipedia.org/wiki/Wine_making
Grape,https://en.wikipedia.org/wiki/Grape
Fermentation_(wine),https://en.wikipedia.org/wiki/Fermentation_(wine)
Yeast_(wine),https://en.wikipedia.org/wiki/Yeast_(wine)
Grape_must,https://en.wikipedia.org/wiki/Grape_must
Alcohol,https://en.wikipedia.org/wiki/Alcohol
Carbonic_maceration,https://en.wikipedia.org/wiki/Carbonic_maceration
Beaujolais,https://en.wikipedia.org/wiki/Beaujolais
Storage_(wine),https://en.wikipedia.org/wiki/Storage_(wine)
Nitrogen,https://en.wikipedia.org/wiki/Nitrogen
Argon,https://en.wikipedia.org/wiki/Argon
Helium,https://en.wikipedia.org/wiki/Helium
MIG_welding,https://en.wikipedia.org/wiki/MIG_welding
Aluminium,https://en.wikipedia.org/wiki/Aluminium
Air_gun,https://en.wikipedia.org/wiki/Air_gun
Paintball,https://en.wikipedia.org/wiki/Paintball
Scanning_electron_microscopy,https://en.wikipedia.org/wiki/Scanning_electron_microscopy
Decaffeination,https://en.wikipedia.org/wiki/Decaffeination
Coffee,https://en.wikipedia.org/wiki/Coffee
International_Maritime_Organization,https://en.wikipedia.org/wiki/International_Maritime_Organization
Solvent,https://en.wikipedia.org/wiki/Solvent
Lipophilic,https://en.wikipedia.org/wiki/Lipophilic
Organic_compound,https://en.wikipedia.org/wiki/Organic_compound
Pharmaceutical,https://en.wikipedia.org/wiki/Pharmaceutical
Organochloride,https://en.wikipedia.org/wiki/Organochloride
Dry_cleaning,https://en.wikipedia.org/wiki/Dry_cleaning
Green_chemistry,https://en.wikipedia.org/wiki/Green_chemistry
Aerogel,https://en.wikipedia.org/wiki/Aerogel
Whitefly,https://en.wikipedia.org/wiki/Whitefly
Spider_mite,https://en.wikipedia.org/wiki/Spider_mite
Biodiesel,https://en.wikipedia.org/wiki/Biodiesel
Enhanced_oil_recovery,https://en.wikipedia.org/wiki/Enhanced_oil_recovery
Extraction_of_petroleum,https://en.wikipedia.org/wiki/Extraction_of_petroleum
Crude_oil,https://en.wikipedia.org/wiki/Crude_oil
Carbon_capture_and_utilization,https://en.wikipedia.org/wiki/Carbon_capture_and_utilization
Cyanobacterium,https://en.wikipedia.org/wiki/Cyanobacterium
Synechococcus,https://en.wikipedia.org/wiki/Synechococcus
Isobutyraldehyde,https://en.wikipedia.org/wiki/Isobutyraldehyde
Isobutanol,https://en.wikipedia.org/wiki/Isobutanol
Refrigerant,https://en.wikipedia.org/wiki/Refrigerant
Dichlorodifluoromethane,https://en.wikipedia.org/wiki/Dichlorodifluoromethane
R134a,https://en.wikipedia.org/wiki/R134a
Pounds_per_square_inch,https://en.wikipedia.org/wiki/Pounds_per_square_inch
Coca-Cola,https://en.wikipedia.org/wiki/Coca-Cola
United_States_Army,https://en.wikipedia.org/wiki/United_States_Army
Sustainable_automotive_air_conditioning,https://en.wikipedia.org/wiki/Sustainable_automotive_air_conditioning
Carbon_dioxide_laser,https://en.wikipedia.org/wiki/Carbon_dioxide_laser
Reef_aquarium,https://en.wikipedia.org/wiki/Reef_aquarium
Calcium_reactor,https://en.wikipedia.org/wiki/Calcium_reactor
Coral,https://en.wikipedia.org/wiki/Coral
Advanced_gas-cooled_reactor,https://en.wikipedia.org/wiki/Advanced_gas-cooled_reactor
American_Veterinary_Medical_Association,https://en.wikipedia.org/wiki/American_Veterinary_Medical_Association
Gas_chamber,https://en.wikipedia.org/wiki/Gas_chamber
Keeling_Curve,https://en.wikipedia.org/wiki/Keeling_Curve
Mauna_Loa_Observatory,https://en.wikipedia.org/wiki/Mauna_Loa_Observatory
Northern_Hemisphere,https://en.wikipedia.org/wiki/Northern_Hemisphere
Atmosphere,https://en.wikipedia.org/wiki/Atmosphere
Earth,https://en.wikipedia.org/wiki/Earth
NASA,https://en.wikipedia.org/wiki/NASA
Computer_simulation,https://en.wikipedia.org/wiki/Computer_simulation
Positive_feedback,https://en.wikipedia.org/wiki/Positive_feedback
Jurassic,https://en.wikipedia.org/wiki/Jurassic
Rapolano_Terme,https://en.wikipedia.org/wiki/Rapolano_Terme
Tuscany,https://en.wikipedia.org/wiki/Tuscany
Italy,https://en.wikipedia.org/wiki/Italy
Lake_Monoun,https://en.wikipedia.org/wiki/Lake_Monoun
Lake_Nyos,https://en.wikipedia.org/wiki/Lake_Nyos
Calcification,https://en.wikipedia.org/wiki/Calcification
Food_chain,https://en.wikipedia.org/wiki/Food_chain
Autotroph,https://en.wikipedia.org/wiki/Autotroph
Coccolithophore,https://en.wikipedia.org/wiki/Coccolithophore
Foraminifera,https://en.wikipedia.org/wiki/Foraminifera
Echinoderm,https://en.wikipedia.org/wiki/Echinoderm
Crustacea,https://en.wikipedia.org/wiki/Crustacea
Mollusca,https://en.wikipedia.org/wiki/Mollusca
Supersaturation,https://en.wikipedia.org/wiki/Supersaturation
Shellfish,https://en.wikipedia.org/wiki/Shellfish
Pteropod,https://en.wikipedia.org/wiki/Pteropod
Alkalinity,https://en.wikipedia.org/wiki/Alkalinity
Marianas_Trench,https://en.wikipedia.org/wiki/Marianas_Trench
Okinawa_Trough,https://en.wikipedia.org/wiki/Okinawa_Trough
Amino_acid,https://en.wikipedia.org/wiki/Amino_acid
Metabolism,https://en.wikipedia.org/wiki/Metabolism
Aerobic_respiration,https://en.wikipedia.org/wiki/Aerobic_respiration
Vertebrate,https://en.wikipedia.org/wiki/Vertebrate
Amphibian,https://en.wikipedia.org/wiki/Amphibian
Fish,https://en.wikipedia.org/wiki/Fish
Compensation_point,https://en.wikipedia.org/wiki/Compensation_point
Calvin_cycle,https://en.wikipedia.org/wiki/Calvin_cycle
Carbon_fixation,https://en.wikipedia.org/wiki/Carbon_fixation
Fuel,https://en.wikipedia.org/wiki/Fuel
Molecule,https://en.wikipedia.org/wiki/Molecule
Glucose,https://en.wikipedia.org/wiki/Glucose
Water,https://en.wikipedia.org/wiki/Water
RuBisCO,https://en.wikipedia.org/wiki/RuBisCO
3-phosphoglycerate,https://en.wikipedia.org/wiki/3-phosphoglycerate
Ribulose_bisphosphate,https://en.wikipedia.org/wiki/Ribulose_bisphosphate
Biosynthesis,https://en.wikipedia.org/wiki/Biosynthesis
Polysaccharides,https://en.wikipedia.org/wiki/Polysaccharides
Nucleic_acid,https://en.wikipedia.org/wiki/Nucleic_acid
Protein,https://en.wikipedia.org/wiki/Protein
Emiliania_huxleyi,https://en.wikipedia.org/wiki/Emiliania_huxleyi
Calcite,https://en.wikipedia.org/wiki/Calcite
Sedimentary_rock,https://en.wikipedia.org/wiki/Sedimentary_rock
Water-use_efficiency,https://en.wikipedia.org/wiki/Water-use_efficiency
Ecosystem,https://en.wikipedia.org/wiki/Ecosystem
Metabolites,https://en.wikipedia.org/wiki/Metabolites
Carbon_dioxide_poisoning,https://en.wikipedia.org/wiki/Carbon_dioxide_poisoning
Volume_percent,https://en.wikipedia.org/wiki/Volume_percent
Asphyxiant_gas,https://en.wikipedia.org/wiki/Asphyxiant_gas
Globally_Harmonized_System_of_Classification_and_Labelling_of_Chemicals,https://en.wikipedia.org/wiki/Globally_Harmonized_System_of_Classification_and_Labelling_of_Chemicals
United_Nations_Economic_Commission_for_Europe,https://en.wikipedia.org/wiki/United_Nations_Economic_Commission_for_Europe
OECD_Guidelines_for_the_Testing_of_Chemicals,https://en.wikipedia.org/wiki/OECD_Guidelines_for_the_Testing_of_Chemicals
Goma,https://en.wikipedia.org/wiki/Goma
Mt._Nyiragongo,https://en.wikipedia.org/wiki/Mt._Nyiragongo
Swahili_language,https://en.wikipedia.org/wiki/Swahili_language
Mazuku,https://en.wikipedia.org/wiki/Mazuku
Apollo_13,https://en.wikipedia.org/wiki/Apollo_13
Carbon_dioxide_scrubber,https://en.wikipedia.org/wiki/Carbon_dioxide_scrubber
Respiratory_adaptation,https://en.wikipedia.org/wiki/Respiratory_adaptation
Acidosis,https://en.wikipedia.org/wiki/Acidosis
Submarine,https://en.wikipedia.org/wiki/Submarine
International_Space_Station,https://en.wikipedia.org/wiki/International_Space_Station
ASHRAE,https://en.wikipedia.org/wiki/ASHRAE
Blackdamp,https://en.wikipedia.org/wiki/Blackdamp
Miners,https://en.wikipedia.org/wiki/Miners
Domestic_Canary,https://en.wikipedia.org/wiki/Domestic_Canary
Reference_range,https://en.wikipedia.org/wiki/Reference_range
Kilopascal,https://en.wikipedia.org/wiki/Kilopascal
MmHg,https://en.wikipedia.org/wiki/MmHg
Vein,https://en.wikipedia.org/wiki/Vein
Pulmonary_gas_pressures,https://en.wikipedia.org/wiki/Pulmonary_gas_pressures
Arterial_blood_gas,https://en.wikipedia.org/wiki/Arterial_blood_gas
Venous_system,https://en.wikipedia.org/wiki/Venous_system
Arteries,https://en.wikipedia.org/wiki/Arteries
Partial_pressure,https://en.wikipedia.org/wiki/Partial_pressure
Blood_plasma,https://en.wikipedia.org/wiki/Blood_plasma
Carbamino,https://en.wikipedia.org/wiki/Carbamino
Red_blood_cell,https://en.wikipedia.org/wiki/Red_blood_cell
Allosteric_regulation,https://en.wikipedia.org/wiki/Allosteric_regulation
Haldane_Effect,https://en.wikipedia.org/wiki/Haldane_Effect
Bohr_effect,https://en.wikipedia.org/wiki/Bohr_effect
Autoregulation,https://en.wikipedia.org/wiki/Autoregulation
Capillaries,https://en.wikipedia.org/wiki/Capillaries
Respiratory_acidosis,https://en.wikipedia.org/wiki/Respiratory_acidosis
Hyperventilation,https://en.wikipedia.org/wiki/Hyperventilation
Alkalosis,https://en.wikipedia.org/wiki/Alkalosis
Air_hunger,https://en.wikipedia.org/wiki/Air_hunger
Oxygen_mask,https://en.wikipedia.org/wiki/Oxygen_mask
Bottled_gas,https://en.wikipedia.org/wiki/Bottled_gas
Carbon_dioxide_sensor,https://en.wikipedia.org/wiki/Carbon_dioxide_sensor
Carbon_sequestration,https://en.wikipedia.org/wiki/Carbon_sequestration
Indoor_air_quality,https://en.wikipedia.org/wiki/Indoor_air_quality
Kaya_identity,https://en.wikipedia.org/wiki/Kaya_identity
Lake_Kivu,https://en.wikipedia.org/wiki/Lake_Kivu
List_of_least_carbon_efficient_power_stations,https://en.wikipedia.org/wiki/List_of_least_carbon_efficient_power_stations
List_of_countries_by_carbon_dioxide_emissions,https://en.wikipedia.org/wiki/List_of_countries_by_carbon_dioxide_emissions
Meromictic_lake,https://en.wikipedia.org/wiki/Meromictic_lake
Gilbert_Plass,https://en.wikipedia.org/wiki/Gilbert_Plass
Orbiting_Carbon_Observatory_2,https://en.wikipedia.org/wiki/Orbiting_Carbon_Observatory_2
Greenhouse_Gases_Observing_Satellite,https://en.wikipedia.org/wiki/Greenhouse_Gases_Observing_Satellite
National_Institute_for_Occupational_Safety_and_Health,https://en.wikipedia.org/wiki/National_Institute_for_Occupational_Safety_and_Health
Praxair,https://en.wikipedia.org/wiki/Praxair
Industrial_gas,https://en.wikipedia.org/wiki/Industrial_gas
JSTOR,https://en.wikipedia.org/wiki/JSTOR
Norman_Greenwood,https://en.wikipedia.org/wiki/Norman_Greenwood
Butterworth-Heinemann,https://en.wikipedia.org/wiki/Butterworth-Heinemann
Bibcode,https://en.wikipedia.org/wiki/Bibcode
The_Christian_Science_Monitor,https://en.wikipedia.org/wiki/The_Christian_Science_Monitor
Mole_fraction,https://en.wikipedia.org/wiki/Mole_fraction
Ideal_gas,https://en.wikipedia.org/wiki/Ideal_gas
National_Oceanic_and_Atmospheric_Administration,https://en.wikipedia.org/wiki/National_Oceanic_and_Atmospheric_Administration
Eos_(journal),https://en.wikipedia.org/wiki/Eos_(journal)
American_Journal_of_Science,https://en.wikipedia.org/wiki/American_Journal_of_Science
Global_and_Planetary_Change,https://en.wikipedia.org/wiki/Global_and_Planetary_Change
American_Zoologist,https://en.wikipedia.org/wiki/American_Zoologist
Journal_of_Geophysical_Research,https://en.wikipedia.org/wiki/Journal_of_Geophysical_Research
Nature_(journal),https://en.wikipedia.org/wiki/Nature_(journal)
Journal_of_Experimental_Marine_Biology_and_Ecology,https://en.wikipedia.org/wiki/Journal_of_Experimental_Marine_Biology_and_Ecology
Nature_Geoscience,https://en.wikipedia.org/wiki/Nature_Geoscience
Geophysical_Research_Letters,https://en.wikipedia.org/wiki/Geophysical_Research_Letters
Biogeosciences,https://en.wikipedia.org/wiki/Biogeosciences
The_Thomson_Corporation,https://en.wikipedia.org/wiki/The_Thomson_Corporation
OCLC,https://en.wikipedia.org/wiki/OCLC
World_Bank,https://en.wikipedia.org/wiki/World_Bank
Popular_Science,https://en.wikipedia.org/wiki/Popular_Science
The_Periodic_Table_of_Videos,https://en.wikipedia.org/wiki/The_Periodic_Table_of_Videos
Oxide,https://en.wikipedia.org/wiki/Oxide
Antimony_tetroxide,https://en.wikipedia.org/wiki/Antimony_tetroxide
Antimony,https://en.wikipedia.org/wiki/Antimony
Cobalt(II III)_oxide,https://en.wikipedia.org/wiki/Cobalt(II III)_oxide
Cobalt,https://en.wikipedia.org/wiki/Cobalt
Europium,https://en.wikipedia.org/wiki/Europium
Iron(II III)_oxide,https://en.wikipedia.org/wiki/Iron(II III)_oxide
Lead,https://en.wikipedia.org/wiki/Lead
Manganese(II III)_oxide,https://en.wikipedia.org/wiki/Manganese(II III)_oxide
Manganese,https://en.wikipedia.org/wiki/Manganese
Silver(I III)_oxide,https://en.wikipedia.org/wiki/Silver(I III)_oxide
Silver,https://en.wikipedia.org/wiki/Silver
Triuranium_octoxide,https://en.wikipedia.org/wiki/Triuranium_octoxide
Uranium,https://en.wikipedia.org/wiki/Uranium
Carbon_suboxide,https://en.wikipedia.org/wiki/Carbon_suboxide
Mellitic_anhydride,https://en.wikipedia.org/wiki/Mellitic_anhydride
Praseodymium,https://en.wikipedia.org/wiki/Praseodymium
Terbium(III IV)_oxide,https://en.wikipedia.org/wiki/Terbium(III IV)_oxide
Terbium,https://en.wikipedia.org/wiki/Terbium
Copper(I)_oxide,https://en.wikipedia.org/wiki/Copper(I)_oxide
Copper,https://en.wikipedia.org/wiki/Copper
Dicarbon_monoxide,https://en.wikipedia.org/wiki/Dicarbon_monoxide
Dichlorine_monoxide,https://en.wikipedia.org/wiki/Dichlorine_monoxide
Chlorine,https://en.wikipedia.org/wiki/Chlorine
Gallium(I)_oxide,https://en.wikipedia.org/wiki/Gallium(I)_oxide
Gallium,https://en.wikipedia.org/wiki/Gallium
Lithium_oxide,https://en.wikipedia.org/wiki/Lithium_oxide
Potassium_oxide,https://en.wikipedia.org/wiki/Potassium_oxide
Potassium,https://en.wikipedia.org/wiki/Potassium
Rubidium_oxide,https://en.wikipedia.org/wiki/Rubidium_oxide
Rubidium,https://en.wikipedia.org/wiki/Rubidium
Silver_oxide,https://en.wikipedia.org/wiki/Silver_oxide
Thallium(I)_oxide,https://en.wikipedia.org/wiki/Thallium(I)_oxide
Thallium,https://en.wikipedia.org/wiki/Thallium
Sodium_oxide,https://en.wikipedia.org/wiki/Sodium_oxide
Sodium,https://en.wikipedia.org/wiki/Sodium
Hydrogen,https://en.wikipedia.org/wiki/Hydrogen
Aluminium(II)_oxide,https://en.wikipedia.org/wiki/Aluminium(II)_oxide
Barium_oxide,https://en.wikipedia.org/wiki/Barium_oxide
Barium,https://en.wikipedia.org/wiki/Barium
Beryllium_oxide,https://en.wikipedia.org/wiki/Beryllium_oxide
Beryllium,https://en.wikipedia.org/wiki/Beryllium
Cadmium_oxide,https://en.wikipedia.org/wiki/Cadmium_oxide
Cadmium,https://en.wikipedia.org/wiki/Cadmium
Calcium,https://en.wikipedia.org/wiki/Calcium
Chromium(II)_oxide,https://en.wikipedia.org/wiki/Chromium(II)_oxide
Chromium,https://en.wikipedia.org/wiki/Chromium
Cobalt(II)_oxide,https://en.wikipedia.org/wiki/Cobalt(II)_oxide
Copper(II)_oxide,https://en.wikipedia.org/wiki/Copper(II)_oxide
Germanium_monoxide,https://en.wikipedia.org/wiki/Germanium_monoxide
Germanium,https://en.wikipedia.org/wiki/Germanium
Iron(II)_oxide,https://en.wikipedia.org/wiki/Iron(II)_oxide
Lead(II)_oxide,https://en.wikipedia.org/wiki/Lead(II)_oxide
Magnesium_oxide,https://en.wikipedia.org/wiki/Magnesium_oxide
Manganese(II)_oxide,https://en.wikipedia.org/wiki/Manganese(II)_oxide
Mercury(II)_oxide,https://en.wikipedia.org/wiki/Mercury(II)_oxide
Mercury_(element),https://en.wikipedia.org/wiki/Mercury_(element)
Nickel(II)_oxide,https://en.wikipedia.org/wiki/Nickel(II)_oxide
Nickel,https://en.wikipedia.org/wiki/Nickel
Nitric_oxide,https://en.wikipedia.org/wiki/Nitric_oxide
Palladium(II)_oxide,https://en.wikipedia.org/wiki/Palladium(II)_oxide
Palladium,https://en.wikipedia.org/wiki/Palladium
Silicon_monoxide,https://en.wikipedia.org/wiki/Silicon_monoxide
Strontium_oxide,https://en.wikipedia.org/wiki/Strontium_oxide
Strontium,https://en.wikipedia.org/wiki/Strontium
Sulfur_monoxide,https://en.wikipedia.org/wiki/Sulfur_monoxide
Sulfur,https://en.wikipedia.org/wiki/Sulfur
Disulfur_dioxide,https://en.wikipedia.org/wiki/Disulfur_dioxide
Thorium_monoxide,https://en.wikipedia.org/wiki/Thorium_monoxide
Thorium,https://en.wikipedia.org/wiki/Thorium
Tin(II)_oxide,https://en.wikipedia.org/wiki/Tin(II)_oxide
Tin,https://en.wikipedia.org/wiki/Tin
Titanium(II)_oxide,https://en.wikipedia.org/wiki/Titanium(II)_oxide
Titanium,https://en.wikipedia.org/wiki/Titanium
Vanadium(II)_oxide,https://en.wikipedia.org/wiki/Vanadium(II)_oxide
Vanadium,https://en.wikipedia.org/wiki/Vanadium
Zinc_oxide,https://en.wikipedia.org/wiki/Zinc_oxide
Zinc,https://en.wikipedia.org/wiki/Zinc
Aluminium_oxide,https://en.wikipedia.org/wiki/Aluminium_oxide
Antimony_trioxide,https://en.wikipedia.org/wiki/Antimony_trioxide
Arsenic_trioxide,https://en.wikipedia.org/wiki/Arsenic_trioxide
Arsenic,https://en.wikipedia.org/wiki/Arsenic
Bismuth(III)_oxide,https://en.wikipedia.org/wiki/Bismuth(III)_oxide
Bismuth,https://en.wikipedia.org/wiki/Bismuth
Boron_trioxide,https://en.wikipedia.org/wiki/Boron_trioxide
Boron,https://en.wikipedia.org/wiki/Boron
Cerium(III)_oxide,https://en.wikipedia.org/wiki/Cerium(III)_oxide
Dibromine_trioxide,https://en.wikipedia.org/wiki/Dibromine_trioxide
Chromium(III)_oxide,https://en.wikipedia.org/wiki/Chromium(III)_oxide
Dinitrogen_trioxide,https://en.wikipedia.org/wiki/Dinitrogen_trioxide
Dysprosium(III)_oxide,https://en.wikipedia.org/wiki/Dysprosium(III)_oxide
Dysprosium,https://en.wikipedia.org/wiki/Dysprosium
Erbium(III)_oxide,https://en.wikipedia.org/wiki/Erbium(III)_oxide
Erbium,https://en.wikipedia.org/wiki/Erbium
Europium(III)_oxide,https://en.wikipedia.org/wiki/Europium(III)_oxide
Gadolinium(III)_oxide,https://en.wikipedia.org/wiki/Gadolinium(III)_oxide
Gadolinium,https://en.wikipedia.org/wiki/Gadolinium
Gallium(III)_oxide,https://en.wikipedia.org/wiki/Gallium(III)_oxide
Holmium(III)_oxide,https://en.wikipedia.org/wiki/Holmium(III)_oxide
Holmium,https://en.wikipedia.org/wiki/Holmium
Indium(III)_oxide,https://en.wikipedia.org/wiki/Indium(III)_oxide
Indium,https://en.wikipedia.org/wiki/Indium
Iron(III)_oxide,https://en.wikipedia.org/wiki/Iron(III)_oxide
Lanthanum_oxide,https://en.wikipedia.org/wiki/Lanthanum_oxide
Lanthanum,https://en.wikipedia.org/wiki/Lanthanum
Lutetium(III)_oxide,https://en.wikipedia.org/wiki/Lutetium(III)_oxide
Lutetium,https://en.wikipedia.org/wiki/Lutetium
Manganese(III)_oxide,https://en.wikipedia.org/wiki/Manganese(III)_oxide
Neodymium(III)_oxide,https://en.wikipedia.org/wiki/Neodymium(III)_oxide
Neodymium,https://en.wikipedia.org/wiki/Neodymium
Nickel(III)_oxide,https://en.wikipedia.org/wiki/Nickel(III)_oxide
Phosphorus_trioxide,https://en.wikipedia.org/wiki/Phosphorus_trioxide
Phosphorus,https://en.wikipedia.org/wiki/Phosphorus
Praseodymium(III)_oxide,https://en.wikipedia.org/wiki/Praseodymium(III)_oxide
Promethium(III)_oxide,https://en.wikipedia.org/wiki/Promethium(III)_oxide
Promethium,https://en.wikipedia.org/wiki/Promethium
Rhodium(III)_oxide,https://en.wikipedia.org/wiki/Rhodium(III)_oxide
Rhodium,https://en.wikipedia.org/wiki/Rhodium
Samarium(III)_oxide,https://en.wikipedia.org/wiki/Samarium(III)_oxide
Samarium,https://en.wikipedia.org/wiki/Samarium
Scandium_oxide,https://en.wikipedia.org/wiki/Scandium_oxide
Scandium,https://en.wikipedia.org/wiki/Scandium
Terbium(III)_oxide,https://en.wikipedia.org/wiki/Terbium(III)_oxide
Thallium(III)_oxide,https://en.wikipedia.org/wiki/Thallium(III)_oxide
Thulium(III)_oxide,https://en.wikipedia.org/wiki/Thulium(III)_oxide
Thulium,https://en.wikipedia.org/wiki/Thulium
Titanium(III)_oxide,https://en.wikipedia.org/wiki/Titanium(III)_oxide
Tungsten(III)_oxide,https://en.wikipedia.org/wiki/Tungsten(III)_oxide
Tungsten,https://en.wikipedia.org/wiki/Tungsten
Vanadium(III)_oxide,https://en.wikipedia.org/wiki/Vanadium(III)_oxide
Ytterbium(III)_oxide,https://en.wikipedia.org/wiki/Ytterbium(III)_oxide
Yttrium(III)_oxide,https://en.wikipedia.org/wiki/Yttrium(III)_oxide
Yttrium,https://en.wikipedia.org/wiki/Yttrium
Americium_dioxide,https://en.wikipedia.org/wiki/Americium_dioxide
Carbon_trioxide,https://en.wikipedia.org/wiki/Carbon_trioxide
Cerium(IV)_oxide,https://en.wikipedia.org/wiki/Cerium(IV)_oxide
Chlorine_dioxide,https://en.wikipedia.org/wiki/Chlorine_dioxide
Chromium(IV)_oxide,https://en.wikipedia.org/wiki/Chromium(IV)_oxide
Dinitrogen_tetroxide,https://en.wikipedia.org/wiki/Dinitrogen_tetroxide
Hafnium(IV)_oxide,https://en.wikipedia.org/wiki/Hafnium(IV)_oxide
Hafnium,https://en.wikipedia.org/wiki/Hafnium
Lead_dioxide,https://en.wikipedia.org/wiki/Lead_dioxide
Manganese_dioxide,https://en.wikipedia.org/wiki/Manganese_dioxide
Neptunium(IV)_oxide,https://en.wikipedia.org/wiki/Neptunium(IV)_oxide
Neptunium,https://en.wikipedia.org/wiki/Neptunium
Nitrogen_dioxide,https://en.wikipedia.org/wiki/Nitrogen_dioxide
Osmium_dioxide,https://en.wikipedia.org/wiki/Osmium_dioxide
Osmium,https://en.wikipedia.org/wiki/Osmium
Plutonium(IV)_oxide,https://en.wikipedia.org/wiki/Plutonium(IV)_oxide
Plutonium,https://en.wikipedia.org/wiki/Plutonium
Protactinium(IV)_oxide,https://en.wikipedia.org/wiki/Protactinium(IV)_oxide
Protactinium,https://en.wikipedia.org/wiki/Protactinium
Rhodium(IV)_oxide,https://en.wikipedia.org/wiki/Rhodium(IV)_oxide
Ruthenium(IV)_oxide,https://en.wikipedia.org/wiki/Ruthenium(IV)_oxide
Ruthenium,https://en.wikipedia.org/wiki/Ruthenium
Selenium_dioxide,https://en.wikipedia.org/wiki/Selenium_dioxide
Selenium,https://en.wikipedia.org/wiki/Selenium
Sulfur_dioxide,https://en.wikipedia.org/wiki/Sulfur_dioxide
Tellurium_dioxide,https://en.wikipedia.org/wiki/Tellurium_dioxide
Tellurium,https://en.wikipedia.org/wiki/Tellurium
Thorium_dioxide,https://en.wikipedia.org/wiki/Thorium_dioxide
Tin_dioxide,https://en.wikipedia.org/wiki/Tin_dioxide
Titanium_dioxide,https://en.wikipedia.org/wiki/Titanium_dioxide
Tungsten(IV)_oxide,https://en.wikipedia.org/wiki/Tungsten(IV)_oxide
Uranium_dioxide,https://en.wikipedia.org/wiki/Uranium_dioxide
Vanadium(IV)_oxide,https://en.wikipedia.org/wiki/Vanadium(IV)_oxide
Zirconium_dioxide,https://en.wikipedia.org/wiki/Zirconium_dioxide
Zirconium,https://en.wikipedia.org/wiki/Zirconium
Antimony_pentoxide,https://en.wikipedia.org/wiki/Antimony_pentoxide
Arsenic_pentoxide,https://en.wikipedia.org/wiki/Arsenic_pentoxide
Dinitrogen_pentoxide,https://en.wikipedia.org/wiki/Dinitrogen_pentoxide
Niobium_pentoxide,https://en.wikipedia.org/wiki/Niobium_pentoxide
Niobium,https://en.wikipedia.org/wiki/Niobium
Phosphorus_pentoxide,https://en.wikipedia.org/wiki/Phosphorus_pentoxide
Protactinium(V)_oxide,https://en.wikipedia.org/wiki/Protactinium(V)_oxide
Tantalum_pentoxide,https://en.wikipedia.org/wiki/Tantalum_pentoxide
Tantalum,https://en.wikipedia.org/wiki/Tantalum
Vanadium(V)_oxide,https://en.wikipedia.org/wiki/Vanadium(V)_oxide
Chromium_trioxide,https://en.wikipedia.org/wiki/Chromium_trioxide
Molybdenum_trioxide,https://en.wikipedia.org/wiki/Molybdenum_trioxide
Molybdenum,https://en.wikipedia.org/wiki/Molybdenum
Rhenium_trioxide,https://en.wikipedia.org/wiki/Rhenium_trioxide
Rhenium,https://en.wikipedia.org/wiki/Rhenium
Selenium_trioxide,https://en.wikipedia.org/wiki/Selenium_trioxide
Sulfur_trioxide,https://en.wikipedia.org/wiki/Sulfur_trioxide
Tellurium_trioxide,https://en.wikipedia.org/wiki/Tellurium_trioxide
Tungsten_trioxide,https://en.wikipedia.org/wiki/Tungsten_trioxide
Uranium_trioxide,https://en.wikipedia.org/wiki/Uranium_trioxide
Xenon_trioxide,https://en.wikipedia.org/wiki/Xenon_trioxide
Xenon,https://en.wikipedia.org/wiki/Xenon
Iridium,https://en.wikipedia.org/wiki/Iridium
Dichlorine_heptoxide,https://en.wikipedia.org/wiki/Dichlorine_heptoxide
Manganese_heptoxide,https://en.wikipedia.org/wiki/Manganese_heptoxide
Rhenium(VII)_oxide,https://en.wikipedia.org/wiki/Rhenium(VII)_oxide
Technetium(VII)_oxide,https://en.wikipedia.org/wiki/Technetium(VII)_oxide
Technetium,https://en.wikipedia.org/wiki/Technetium
Osmium_tetroxide,https://en.wikipedia.org/wiki/Osmium_tetroxide
Ruthenium_tetroxide,https://en.wikipedia.org/wiki/Ruthenium_tetroxide
